{
  "name": "siyuan-note-syn",
  "author": "wudongze",
  "url": "https://github.com/wudongze/siyuan-note-syn",
  "version": "0.1.0",
  "minAppVersion": "2.8.8",
  "backends": ["windows", "linux", "darwin"],
  "frontends": ["desktop"],
  "displayName": {
    "en_US": "SiYuan Diary Progress Sync",
    "zh_CN": "思源日记进度同步"
  },
  "description": {
    "en_US": "A plugin for extracting and synchronizing project progress from diary notes in SiYuan, with notebook limitation and flexible configuration options",
    "zh_CN": "一个从思源笔记日记中提取和同步项目进度的插件，支持笔记本限制和灵活的配置选项"
  },
  "readme": {
    "en_US": "README.md",
    "zh_CN": "README_zh_CN.md"
  },
  "funding": {
    "openCollective": "",
    "patreon": "",
    "github": "",
    "custom": [
      "https://ld246.com/sponsor"
    ]
  },
  "keywords": [
    "diary", "progress", "sync", "project", "notebook", "日记", "进度", "同步", "项目", "笔记本"
  ]
}
